{"cameraMode":{"drawMode":0,"name":"Shaded","section":"Shading Mode"},"sceneLighting":true,"audioPlay":false,"sceneViewState":{"m_AlwaysRefresh":false,"showFog":true,"showSkybox":true,"showFlares":true,"showImageEffects":true,"showParticleSystems":true,"showVisualEffectGraphs":true,"m_FxEnabled":true},"in2DMode":false,"pivot":{"x":-3.2049269676208498,"y":7.327663421630859,"z":-6.451587677001953},"rotation":{"x":-0.057519134134054187,"y":-0.6240058541297913,"z":0.04522225260734558,"w":-0.7785568833351135},"size":14.896197319030762,"orthographic":true}